Color1,Color2,Color3,Color4,Fantasy Name,Description
#a2b9bc,#b2ad7f,#878f99,#6b5b95,Sea Mist Whisper,A calming app or spa product line designed to evoke feelings of relaxation and tranquility.
#6b5b95,#feb236,#d64161,#ff7b25,Ember Dawn,A fire-themed video game or creative writing workshop that inspires passion and creativity.
#d6cbd3,#eca1a6,#bdcebe,#ada397,Rose Petal Dream,A feminine clothing line or beauty product range designed to evoke feelings of romance and femininity.
#d5e1df,#e3eaa7,#b5e7a0,#86af49,Spring Breeze,A nature-inspired home decor line or outdoor activity app that promotes relaxation and renewal.
#b9936c,#dac292,#e6e2d3,#c4b7a6,Golden Harvest,A food-focused cooking app or farm-to-table restaurant concept that celebrates abundance and sustainability.
#3e4444,#82b74b,#405d27,#c1946a,Forest Guardian,A nature conservation project or eco-friendly product line that promotes environmental protection.
#92a8d1,#034f84,#f7cac9,#f7786b,Ocean's Fury,An action-adventure video game or extreme sports equipment line that inspires power and adventure.
#deeaee,#b1cbbb,#eea29a,#c94c4c,Autumn Blaze,A seasonal fashion line or event planning service that celebrates change and transformation.
#d5f4e6,#80ced6,#fefbd8,#618685,Misty Morning,A meditation app or spa treatment designed to promote peace and tranquility.
#ffef96,#50394c,#b2b2b2,#f4e1d2,Sunlit Shadow,A photography app or art project that explores the contrast between light and dark.
#fefbd8,#618685,#36486b,#4040a1,Twilight's Embrace,A romantic novel or eveningwear line that evokes feelings of mystery and passion.
#b2b2b2,#f4e1d2,#f18973,#bc5a45,Desert Sunset,A travel app or photography project that captures the beauty and solitude of desert landscapes.
#f0f0f0,#c5d5c5,#9fa9a3,#e3e0cc,Winter's Chill,A winter sports equipment line or cozy home decor collection that celebrates the beauty of winter.
#eaece5,#b2c2bf,#c0ded9,#3b3a30,Starlight Dance,A celestial-themed art project or astronomy app that inspires wonder and imagination.
#e4d1d1,#b9b0b0,#d9ecd0,#77a8a8,Moonlit Meadow,A romantic dinnerware set or outdoor event planning service that celebrates the beauty of nature.
#f0efef,#ddeedd,#c2d4dd,#b0aac0,Cloud Nine,A relaxation app or spa treatment designed to promote happiness and well-being.
#c8c3cc,#563f46,#8ca3a3,#484f4f,Midnight Mist,A mystery novel or detective game that evokes feelings of intrigue and suspense.
#e0e2e4,#c6bcb6,#96897f,#625750,Earth's Embrace,A sustainable fashion line or gardening app that promotes environmental consciousness.
#7e4a35,#cab577,#dbceb0,#838060,Desert Storm,An extreme sports event or action-adventure novel that inspires power and intensity.
#bbab9b,#8b6f47,#d4ac6e,#4f3222,Mountain's Might,A mountaineering equipment line or outdoor adventure tour that celebrates strength and endurance.
#686256,#c1502e,#587e76,#a96e5b,Forest Fire,A creative writing workshop or art project that explores the power and intensity of nature.
#454140,#bd5734,#a79e84,#7a3b2e,Shadow's Embrace,A mystery novel or detective game that evokes feelings of intrigue and suspense.
#bccad6,#8d9db6,#667292,#f1e3dd,Twilight's Whisper,A meditation app or spa treatment designed to promote relaxation and tranquility.
#cfe0e8,#b7d7e8,#87bdd8,#daebe8,Ocean's Lullaby,A relaxation app or spa treatment designed to promote peace and tranquility.
#fbefcc,#f9ccac,#f4a688,#e0876a,Sunset's Glow,A romantic dinnerware set or outdoor event planning service that celebrates the beauty of nature.
#fff2df,#d9ad7c,#a2836e,#674d3c,Golden Dawn,A morning routine app or meditation practice that promotes hope and optimism.
#f9d5e5,#eeac99,#e06377,#c83349,Rose Petal Storm,A feminine fashion line or beauty product range designed to evoke feelings of passion and intensity.
#5b9aa0,#d6d4e0,#b8a9c9,#622569,Midnight Sky,An astronomy app or space-themed art project that inspires wonder and imagination.
#96ceb4,#ffeead,#ffcc5c,#ff6f69,Golden Sunrise,A morning routine app or meditation practice that promotes hope and optimism.
#588c7e,#f2e394,#f2ae72,#d96459,Desert Mirage,A travel app or photography project that captures the illusion and fantasy of desert landscapes.